[{"id":"994402891115@s.whatsapp.net","name":"Adinda","age":"16","time":"24/03 17:07:53","serial":"eef50ecb8548fdbab356"},{"id":"6285214964283@s.whatsapp.net","name":"T","age":"16","time":"24/03 17:08:33","serial":"8726a5a494cc55c91627"},{"id":"6285876330812@s.whatsapp.net","name":"DappaGanz","age":"15","time":"24/03 17:09:09","serial":"9bb36403c25532d486dd"},{"id":"6281911128695@s.whatsapp.net","name":"ki","age":"18","time":"24/03 17:10:50","serial":"2a7f3a509c59aee3fcbe"},{"id":"62895386497475@s.whatsapp.net","name":"Ndaa","age":"18","time":"24/03 17:13:52","serial":"0ca56d00b332c3c0d929"},{"id":"6283152753417@s.whatsapp.net","name":"yogi","age":"16","time":"24/03 17:32:13","serial":"a27451c2aa4aa3a22b50"},{"id":"6281575647615@s.whatsapp.net","name":"","age":"15","time":"24/03 17:32:21","serial":"666270c3944c5d816b05"},{"id":"919205042427@s.whatsapp.net","name":"Op","age":"17","time":"24/03 17:51:52","serial":"597e3de29d7fa34f242a"}]