[{"id":"UwPVwXmSF0/gDRWTOH7eBEz22LojQdhayX3oeHHcMGA=","chats":"closegc"},{"id":"YBpEk38HcmG67nsbZgQTAiSPFORKZKO98gtTxP6x93o=","chats":"/opengc"},{"id":"UwPVwXmSF0/gDRWTOH7eBEz22LojQdhayX3oeHHcMGA=","chats":"/closegc"},{"id":"uub87v2kOZnBoqcWz5i6LDeRjEoJX2HRCoNE/W7v1GA=","chats":"menu"},{"id":"3mk3E7lW8u2EHhD1qcMnoMgVyMu2SM9uvl7UuUGH8uM=","chats":"ping"},{"id":"CAKvkIg5rmPkwaG5BmLI8bW9TjgVKfEwQhoE3CLFdlI=","chats":"stiker"},{"id":"RnHxgRZopNIWeQR4pQ0g6mVCIcdJjjLi2WKtvwpNhb0=","chats":"/public"},{"id":"oUTRJSrP68Bm/7nX4Oh4M7/04ZNIv3E49vvhcxoGmhY=","chats":"/public"},{"id":"HgXzExawgw9GzjRflvrvfjFOYOFi0ogegNVL8g/a2CA=","chats":"/tutup"},{"id":"VkSu4ftC2xNoyO8lk4lmb7KIeu5UAGorROZ4Iu3ikR8=","chats":"/buka"},{"id":"tL6WOBB2sqK9zcUUk3VijVveb4UsXAjYoM9QLZ5gDF0=","chats":"#menu"},{"id":"SAHxqMXx20Jf+AusAXO/KSrSE2bvY/0NprZ+KWFj6DE=","chats":"/runtime"},{"id":"GwUUI9IeoUcFXorD47ToL5ncWa+TNqu6TIBT/t/kiNw=","chats":"/ping"},{"id":"g9eCEOs6/ldyQwJTm5liXHhXy0/sWkhOppvBs4+BTnU=","chats":"#takeviewonce"},{"id":"0N5Wzi1WAvnJE43VO0b1+V1wn080FUGj23F2wVwcUmo=","chats":"/svirtex"},{"id":"r83/lPy3PGbyKkQ2YTfhekRr8d/I96Q0raVRf7t5fKY=","chats":"readall"},{"id":"r83/lPy3PGbyKkQ2YTfhekRr8d/I96Q0raVRf7t5fKY=","chats":"/readall"},{"id":"/rrzmouQlfa4gR1LKA4L0OFayeRhVxM4IJRsRrJ6JzQ=","chats":"djbaru"},{"id":"AE430n0vPPERz/QU03kUJ7/rziNwSPm5dnuaZpW8a9Q=","chats":".menu"},{"id":"LzrDjJQzcovgMsa6dq6CY3npUFhNgNdGJqutMjaE5h4=","chats":"/tts id Kamu wibu kamu bau tai kamu anjing kamu goblok kamu sange ahhh kamu kun"},{"id":"LzrDjJQzcovgMsa6dq6CY3npUFhNgNdGJqutMjaE5h4=","chats":"/tts id Kamu wibu kamu bau tai kamu anjing kamu goblok kamu sange ahhh kamu kun"},{"id":"e18hhzdAIl+TbVr6EdHSL5Ed5xvtOhwUzWUNSQ8hN5w=","chats":"/menu"},{"id":"e18hhzdAIl+TbVr6EdHSL5Ed5xvtOhwUzWUNSQ8hN5w=","chats":".menu"}]