[{"id":"6285794659953@s.whatsapp.net","uang":537847},{"id":"6282337548308@s.whatsapp.net","uang":198645},{"id":"6288232751988@s.whatsapp.net","uang":5959},{"id":"6282198966318@s.whatsapp.net","uang":6667},{"id":"6285702279634@s.whatsapp.net","uang":927},{"id":"6285159963831@s.whatsapp.net","uang":8551},{"id":"6281297662904@s.whatsapp.net","uang":9108},{"id":"62816811444@s.whatsapp.net","uang":371},{"id":"6288222924329@s.whatsapp.net","uang":754},{"id":"62895373596428@s.whatsapp.net","uang":380},{"id":"6282150627538@s.whatsapp.net","uang":1712},{"id":"6281333028833@s.whatsapp.net","uang":11708},{"id":"6285657004556@s.whatsapp.net","uang":9312},{"id":"6288290668557@s.whatsapp.net","uang":189},{"id":"6283139939431@s.whatsapp.net","uang":1715},{"id":"6283114094100@s.whatsapp.net","uang":1402},{"id":"62895366881622@s.whatsapp.net","uang":0},{"id":"6282247008857@s.whatsapp.net","uang":193},{"id":"6283846946103@s.whatsapp.net","uang":69522.06125},{"id":"6285750962107@s.whatsapp.net","uang":5080},{"id":"6281338831899@s.whatsapp.net","uang":11047},{"id":"6281224785886@s.whatsapp.net","uang":4339},{"id":"628875004417@s.whatsapp.net","uang":5766},{"id":"6283137314422@s.whatsapp.net","uang":655},{"id":"6281357016284@s.whatsapp.net","uang":284},{"id":"6285814113271@s.whatsapp.net","uang":6886},{"id":"6282243605744@s.whatsapp.net","uang":369},{"id":"6281313620295@s.whatsapp.net","uang":5096},{"id":"6285926431562@s.whatsapp.net","uang":1220},{"id":"6283119166351@s.whatsapp.net","uang":2275},{"id":"6288806403530@s.whatsapp.net","uang":96},{"id":"6283150073276@s.whatsapp.net","uang":3903},{"id":"628979117834@s.whatsapp.net","uang":576},{"id":"6283866223233@s.whatsapp.net","uang":99},{"id":"6288223560561@s.whatsapp.net","uang":0},{"id":"6287831557805@s.whatsapp.net","uang":1704},{"id":"6285377832278@s.whatsapp.net","uang":1767},{"id":"6283892397802@s.whatsapp.net","uang":1046},{"id":"6281211889927@s.whatsapp.net","uang":13691},{"id":"6285796282640@s.whatsapp.net","uang":677},{"id":"6287712488400@s.whatsapp.net","uang":1692},{"id":"6288232090854@s.whatsapp.net","uang":68171},{"id":"6285217718515@s.whatsapp.net","uang":90},{"id":"6285217718515@s.whatsapp.net","uang":5974},{"id":"6281532026630@s.whatsapp.net","uang":1593},{"id":"6285648590406@s.whatsapp.net","uang":285},{"id":"6285648590406@s.whatsapp.net","uang":56836},{"id":"6282287971489@s.whatsapp.net","uang":97},{"id":"6282287971489@s.whatsapp.net","uang":5363},{"id":"6289509392968@s.whatsapp.net","uang":6459},{"id":"6282325211342@s.whatsapp.net","uang":77632},{"id":"6283182502361@s.whatsapp.net","uang":7496},{"id":"6282190885726@s.whatsapp.net","uang":3314},{"id":"6281316184498@s.whatsapp.net","uang":1007433},{"id":"6281227420831@s.whatsapp.net","uang":2260},{"id":"62831404270330@s.whatsapp.net","uang":19327},{"id":"6285360517677@s.whatsapp.net","uang":654},{"id":"6289527190631@s.whatsapp.net","uang":6247},{"id":"6282190539453@s.whatsapp.net","uang":7392},{"id":"6283134207671@s.whatsapp.net","uang":2465},{"id":"6289630448145@s.whatsapp.net","uang":5311},{"id":"6281553018707@s.whatsapp.net","uang":188},{"id":"6281386690932@s.whatsapp.net","uang":6715},{"id":"6282121881644@s.whatsapp.net","uang":281},{"id":"6285849035463@s.whatsapp.net","uang":561},{"id":"6281386164609@s.whatsapp.net","uang":2276},{"id":"6282285890699@s.whatsapp.net","uang":95},{"id":"6282285890699@s.whatsapp.net","uang":32929},{"id":"6281224263467@s.whatsapp.net","uang":24282},{"id":"6283878833999@s.whatsapp.net","uang":1710},{"id":"628977972908@s.whatsapp.net","uang":109390},{"id":"6288238494778@s.whatsapp.net","uang":108669.5},{"id":"6288222741756@s.whatsapp.net","uang":7481},{"id":"6288271256936@s.whatsapp.net","uang":35017},{"id":"6282282493795@s.whatsapp.net","uang":6242},{"id":"6285748849389@s.whatsapp.net","uang":381},{"id":"6282170586029@s.whatsapp.net","uang":95},{"id":"6282125527930@s.whatsapp.net","uang":93},{"id":"6288287685910@s.whatsapp.net","uang":5207},{"id":"233573554156@s.whatsapp.net","uang":7640},{"id":"628815648204@s.whatsapp.net","uang":4936},{"id":"6283873585339@s.whatsapp.net","uang":34142},{"id":"6288237172696@s.whatsapp.net","uang":0},{"id":"6281290544511@s.whatsapp.net","uang":90},{"id":"6281290544511@s.whatsapp.net","uang":32215},{"id":"6282393267600@s.whatsapp.net","uang":1315},{"id":"628813874738@s.whatsapp.net","uang":1990},{"id":"6281239154310@s.whatsapp.net","uang":658},{"id":"6285805245137@s.whatsapp.net","uang":31675},{"id":"6281254297703@s.whatsapp.net","uang":2738},{"id":"6289521081065@s.whatsapp.net","uang":194},{"id":"6285697100467@s.whatsapp.net","uang":1023},{"id":"6281319944917@s.whatsapp.net","uang":15842},{"id":"6282339454405@s.whatsapp.net","uang":1877},{"id":"6282118238735@s.whatsapp.net","uang":280},{"id":"6288213292687@s.whatsapp.net","uang":8.95698999807251e+23},{"id":"6281542417404@s.whatsapp.net","uang":12280},{"id":"6281809747527@s.whatsapp.net","uang":2569},{"id":"6287750779207@s.whatsapp.net","uang":91},{"id":"6281237962353@s.whatsapp.net","uang":475},{"id":"6282125345172@s.whatsapp.net","uang":0},{"id":"6285719034736@s.whatsapp.net","uang":950},{"id":"6288227374813@s.whatsapp.net","uang":61258},{"id":"6281359289959@s.whatsapp.net","uang":47041},{"id":"6282138680085@s.whatsapp.net","uang":83138},{"id":"62895414565104@s.whatsapp.net","uang":77265},{"id":"6285766414636@s.whatsapp.net","uang":4338},{"id":"6285694568060@s.whatsapp.net","uang":24951},{"id":"6281260677492@s.whatsapp.net","uang":663},{"id":"6281260133611@s.whatsapp.net","uang":282},{"id":"6281260133611@s.whatsapp.net","uang":11722},{"id":"6281312082385@s.whatsapp.net","uang":16097},{"id":"6283196871323@s.whatsapp.net","uang":8547},{"id":"6283189726555@s.whatsapp.net","uang":1129},{"id":"628977598811@s.whatsapp.net","uang":1429},{"id":"6283808527423@s.whatsapp.net","uang":13497},{"id":"6285788543690@s.whatsapp.net","uang":1318},{"id":"6287894288581@s.whatsapp.net","uang":4431},{"id":"6285892558684@s.whatsapp.net","uang":15593},{"id":"6282347431771@s.whatsapp.net","uang":10982},{"id":"6283824806039@s.whatsapp.net","uang":2175},{"id":"6281362048570@s.whatsapp.net","uang":193},{"id":"6283140094208@s.whatsapp.net","uang":1702},{"id":"628118128908@s.whatsapp.net","uang":94},{"id":"628118128908@s.whatsapp.net","uang":280},{"id":"6287866045746@s.whatsapp.net","uang":10473},{"id":"62895355027766@s.whatsapp.net","uang":1317},{"id":"628975097855@s.whatsapp.net","uang":278},{"id":"51948368240@s.whatsapp.net","uang":5189},{"id":"6282338304244@s.whatsapp.net","uang":10396},{"id":"6289687049161@s.whatsapp.net","uang":562},{"id":"6285724697300@s.whatsapp.net","uang":2555},{"id":"6283159296996@s.whatsapp.net","uang":4326},{"id":"628126366477@s.whatsapp.net","uang":1522},{"id":"6285810143489@s.whatsapp.net","uang":834},{"id":"6281270844480@s.whatsapp.net","uang":0},{"id":"62895330144043@s.whatsapp.net","uang":53730},{"id":"6285657264806@s.whatsapp.net","uang":185},{"id":"628997666177@s.whatsapp.net","uang":754},{"id":"6282154530197@s.whatsapp.net","uang":293},{"id":"6282256080304@s.whatsapp.net","uang":22079},{"id":"6289662378910@s.whatsapp.net","uang":28059},{"id":"6285766561287@s.whatsapp.net","uang":1344},{"id":"6285831162204@s.whatsapp.net","uang":5179},{"id":"6282285342898@s.whatsapp.net","uang":2106},{"id":"6282335836051@s.whatsapp.net","uang":97},{"id":"12082544180@s.whatsapp.net","uang":72389},{"id":"601123285548@s.whatsapp.net","uang":99},{"id":"601123285548@s.whatsapp.net","uang":8227},{"id":"6282281081455@s.whatsapp.net","uang":1028},{"id":"6281268004546@s.whatsapp.net","uang":9379},{"id":"6285797885715@s.whatsapp.net","uang":678},{"id":"6285336528243@s.whatsapp.net","uang":296},{"id":"6281292283966@s.whatsapp.net","uang":1407},{"id":"6287873500303@s.whatsapp.net","uang":1601},{"id":"6289505817900@s.whatsapp.net","uang":288},{"id":"62895356233377@s.whatsapp.net","uang":4394},{"id":"6288223406325@s.whatsapp.net","uang":91894},{"id":"6281263442804@s.whatsapp.net","uang":13178},{"id":"6285743792839@s.whatsapp.net","uang":0},{"id":"628882370181@s.whatsapp.net","uang":3880},{"id":"919675642959@s.whatsapp.net","uang":5861},{"id":"62895802217054@s.whatsapp.net","uang":1891},{"id":"62895385226927@s.whatsapp.net","uang":1601},{"id":"62895379240967@s.whatsapp.net","uang":5240},{"id":"584246130949@s.whatsapp.net","uang":289},{"id":"62895363297307@s.whatsapp.net","uang":188},{"id":"6289527343810@s.whatsapp.net","uang":2086},{"id":"6281368506639@s.whatsapp.net","uang":3006},{"id":"62895702152636@s.whatsapp.net","uang":1899},{"id":"6281262324177@s.whatsapp.net","uang":17530},{"id":"6285643917318@s.whatsapp.net","uang":2915},{"id":"6285741843001@s.whatsapp.net","uang":275},{"id":"6287760254860@s.whatsapp.net","uang":753},{"id":"6285849334930@s.whatsapp.net","uang":29946},{"id":"6282244969449@s.whatsapp.net","uang":3126},{"id":"6282233959493@s.whatsapp.net","uang":1518},{"id":"6285693911073@s.whatsapp.net","uang":4826},{"id":"6281221697137@s.whatsapp.net","uang":3128},{"id":"6283838555979@s.whatsapp.net","uang":841},{"id":"6289516944256@s.whatsapp.net","uang":4211},{"id":"6282322730849@s.whatsapp.net","uang":863},{"id":"6287878432997@s.whatsapp.net","uang":2077},{"id":"6281632205515@s.whatsapp.net","uang":385},{"id":"6285737279058@s.whatsapp.net","uang":32307},{"id":"6282123038200@s.whatsapp.net","uang":863},{"id":"6283157158168@s.whatsapp.net","uang":376},{"id":"6282147334265@s.whatsapp.net","uang":14825},{"id":"6287723874141@s.whatsapp.net","uang":1033},{"id":"62895412832001@s.whatsapp.net","uang":4696},{"id":"6281342787744@s.whatsapp.net","uang":1419},{"id":"6289530828183@s.whatsapp.net","uang":1491},{"id":"6285794280539@s.whatsapp.net","uang":1326},{"id":"6289603320826@s.whatsapp.net","uang":956},{"id":"6283822620730@s.whatsapp.net","uang":1227},{"id":"6281919944105@s.whatsapp.net","uang":12069},{"id":"6282284323754@s.whatsapp.net","uang":2275},{"id":"6282154994100@s.whatsapp.net","uang":95},{"id":"6288246554741@s.whatsapp.net","uang":855},{"id":"6288707522932@s.whatsapp.net","uang":5010},{"id":"6285333129686@s.whatsapp.net","uang":5587},{"id":"6289509446946@s.whatsapp.net","uang":14426},{"id":"62895347356181@s.whatsapp.net","uang":558},{"id":"6287734401859@s.whatsapp.net","uang":2288},{"id":"6281225000461@s.whatsapp.net","uang":0},{"id":"6285782110212@s.whatsapp.net","uang":13887},{"id":"6288297004630@s.whatsapp.net","uang":91},{"id":"6282264874299@s.whatsapp.net","uang":187},{"id":"6281317479421@s.whatsapp.net","uang":5466},{"id":"6289523032421@s.whatsapp.net","uang":4546},{"id":"6289613179933@s.whatsapp.net","uang":185},{"id":"6281221568273@s.whatsapp.net","uang":837},{"id":"6285232424692@s.whatsapp.net","uang":99},{"id":"6285345933423@s.whatsapp.net","uang":567},{"id":"6285219463295@s.whatsapp.net","uang":274},{"id":"919330880626@s.whatsapp.net","uang":97},{"id":"6285215333058@s.whatsapp.net","uang":369},{"id":"6285704966729@s.whatsapp.net","uang":3476},{"id":"6289652925324@s.whatsapp.net","uang":2455},{"id":"6289639047469@s.whatsapp.net","uang":275},{"id":"6289691461974@s.whatsapp.net","uang":279},{"id":"6281269394331@s.whatsapp.net","uang":3013},{"id":"918231033230@s.whatsapp.net","uang":96},{"id":"6282126124688@s.whatsapp.net","uang":0},{"id":"6282323652465@s.whatsapp.net","uang":276},{"id":"6289652486504@s.whatsapp.net","uang":30508},{"id":"6281361973645@s.whatsapp.net","uang":180},{"id":"6287774738887@s.whatsapp.net","uang":9465},{"id":"628992013618@s.whatsapp.net","uang":12810},{"id":"62895333224559@s.whatsapp.net","uang":1797},{"id":"6285752937885@s.whatsapp.net","uang":2922},{"id":"6283800135835@s.whatsapp.net","uang":5485},{"id":"6282195510915@s.whatsapp.net","uang":378},{"id":"6283112069550@s.whatsapp.net","uang":281},{"id":"17169920050@s.whatsapp.net","uang":2537},{"id":"6285745237467@s.whatsapp.net","uang":97},{"id":"6281997401070@s.whatsapp.net","uang":1816},{"id":"62895360219910@s.whatsapp.net","uang":471},{"id":"6281919264640@s.whatsapp.net","uang":645},{"id":"6281244774657@s.whatsapp.net","uang":1802},{"id":"6285607764770@s.whatsapp.net","uang":1139},{"id":"6289677411339@s.whatsapp.net","uang":388},{"id":"6281217528304@s.whatsapp.net","uang":2365},{"id":"6287819617213@s.whatsapp.net","uang":190},{"id":"6285803357947@s.whatsapp.net","uang":0},{"id":"6281352917190@s.whatsapp.net","uang":65316},{"id":"6283195802425@s.whatsapp.net","uang":480},{"id":"628126310579@s.whatsapp.net","uang":847},{"id":"6282328056975@s.whatsapp.net","uang":91},{"id":"6282328056975@s.whatsapp.net","uang":567},{"id":"60133368710@s.whatsapp.net","uang":485},{"id":"6285798447758@s.whatsapp.net","uang":562},{"id":"62816287411@s.whatsapp.net","uang":2170},{"id":"6285737015873@s.whatsapp.net","uang":98},{"id":"6285737015873@s.whatsapp.net","uang":938},{"id":"6282399554231@s.whatsapp.net","uang":1005971},{"id":"6287810630372@s.whatsapp.net","uang":1045},{"id":"6288295883638@s.whatsapp.net","uang":95},{"id":"6288295883638@s.whatsapp.net","uang":16336},{"id":"6281319847398@s.whatsapp.net","uang":569},{"id":"6289653381067@s.whatsapp.net","uang":28579},{"id":"6285782286546@s.whatsapp.net","uang":98},{"id":"6285266965800@s.whatsapp.net","uang":1785},{"id":"6285158852605@s.whatsapp.net","uang":382},{"id":"6289629864937@s.whatsapp.net","uang":91},{"id":"6281241956878@s.whatsapp.net","uang":2002},{"id":"6289691434365@s.whatsapp.net","uang":2567},{"id":"6282275643038@s.whatsapp.net","uang":2090},{"id":"6283114379638@s.whatsapp.net","uang":2068},{"id":"6287704768000@s.whatsapp.net","uang":7579},{"id":"6283143631416@s.whatsapp.net","uang":4134},{"id":"6289529806237@s.whatsapp.net","uang":3431},{"id":"6285792435991@s.whatsapp.net","uang":1428},{"id":"62895619379748@s.whatsapp.net","uang":9266},{"id":"6737229309@s.whatsapp.net","uang":652},{"id":"60183230902@s.whatsapp.net","uang":671},{"id":"6283125880245@s.whatsapp.net","uang":1241},{"id":"6283806054217@s.whatsapp.net","uang":1149},{"id":"6281295573549@s.whatsapp.net","uang":6222},{"id":"916002570722@s.whatsapp.net","uang":2260},{"id":"6281212558416@s.whatsapp.net","uang":2674},{"id":"6289509047417@s.whatsapp.net","uang":50778},{"id":"6282275290211@s.whatsapp.net","uang":90},{"id":"6288802695410@s.whatsapp.net","uang":1814},{"id":"6283154641696@s.whatsapp.net","uang":565},{"id":"6287812483831@s.whatsapp.net","uang":12806},{"id":"6285756616802@s.whatsapp.net","uang":7789},{"id":"6285753217971@s.whatsapp.net","uang":844},{"id":"6288271330980@s.whatsapp.net","uang":97},{"id":"447441451284@s.whatsapp.net","uang":1891},{"id":"6281573572857@s.whatsapp.net","uang":2364},{"id":"6285881615558@s.whatsapp.net","uang":284},{"id":"6281242942144@s.whatsapp.net","uang":95},{"id":"6285654757016@s.whatsapp.net","uang":381},{"id":"6288239766097@s.whatsapp.net","uang":16726},{"id":"628990542731@s.whatsapp.net","uang":195},{"id":"6289504710900@s.whatsapp.net","uang":1313},{"id":"6281338584292@s.whatsapp.net","uang":1977},{"id":"62812874133914@s.whatsapp.net","uang":474},{"id":"6285236449055@s.whatsapp.net","uang":2905},{"id":"6282320481939@s.whatsapp.net","uang":95},{"id":"6287888794600@s.whatsapp.net","uang":570},{"id":"6283170192308@s.whatsapp.net","uang":8413},{"id":"6287877173955@s.whatsapp.net","uang":3895},{"id":"6282259102506@s.whatsapp.net","uang":111593},{"id":"6289504226888@s.whatsapp.net","uang":52422},{"id":"601126684465@s.whatsapp.net","uang":953},{"id":"6285338408824@s.whatsapp.net","uang":931},{"id":"6282139800872@s.whatsapp.net","uang":1789},{"id":"601110131990@s.whatsapp.net","uang":292},{"id":"6283835909730@s.whatsapp.net","uang":377},{"id":"6285876371686@s.whatsapp.net","uang":470},{"id":"62887436663104@s.whatsapp.net","uang":3118},{"id":"6289530863358@s.whatsapp.net","uang":277},{"id":"994409692333@s.whatsapp.net","uang":183},{"id":"6281386363697@s.whatsapp.net","uang":2585},{"id":"6285321500049@s.whatsapp.net","uang":92},{"id":"6285761671744@s.whatsapp.net","uang":97},{"id":"6281398106266@s.whatsapp.net","uang":96},{"id":"6282333005257@s.whatsapp.net","uang":479},{"id":"6283142138342@s.whatsapp.net","uang":461},{"id":"6287831072962@s.whatsapp.net","uang":295},{"id":"6287841346395@s.whatsapp.net","uang":195},{"id":"62895700216435@s.whatsapp.net","uang":749},{"id":"6283185753705@s.whatsapp.net","uang":1230},{"id":"6283184649489@s.whatsapp.net","uang":94},{"id":"6282122613368@s.whatsapp.net","uang":571},{"id":"62856917288392@s.whatsapp.net","uang":1133},{"id":"6281238520899@s.whatsapp.net","uang":0},{"id":"62895408602121@s.whatsapp.net","uang":4448},{"id":"6283829666250@s.whatsapp.net","uang":4077},{"id":"6289653258480@s.whatsapp.net","uang":91},{"id":"6285762000753@s.whatsapp.net","uang":1130},{"id":"6282157110568@s.whatsapp.net","uang":2753},{"id":"62887436663104@s.whatsapp.net","uang":2150},{"id":"6285722838903@s.whatsapp.net","uang":1801},{"id":"6285876371686@s.whatsapp.net","uang":384},{"id":"62895623482288@s.whatsapp.net","uang":94},{"id":"62895623482288@s.whatsapp.net","uang":472},{"id":"6283114413583@s.whatsapp.net","uang":282},{"id":"6287841346395@s.whatsapp.net","uang":286},{"id":"62856917288391@s.whatsapp.net","uang":963},{"id":"6283807783837@s.whatsapp.net","uang":1521},{"id":"6285691728839@s.whatsapp.net","uang":274},{"id":"6285691728839@s.whatsapp.net","uang":11382},{"id":"62859109833995@s.whatsapp.net","uang":574},{"id":"6281373265705@s.whatsapp.net","uang":4360},{"id":"6282179630433@s.whatsapp.net","uang":3105},{"id":"62881025058443@s.whatsapp.net","uang":6086},{"id":"6285321500049@s.whatsapp.net","uang":189},{"id":"6283157911726@s.whatsapp.net","uang":384},{"id":"6281245189218@s.whatsapp.net","uang":1418},{"id":"6282256156615@s.whatsapp.net","uang":4401},{"id":"6282333005257@s.whatsapp.net","uang":15211},{"id":"6282284135543@s.whatsapp.net","uang":186},{"id":"6282175270057@s.whatsapp.net","uang":567},{"id":"6282211307021@s.whatsapp.net","uang":5971},{"id":"6289608738087@s.whatsapp.net","uang":285},{"id":"6282279735026@s.whatsapp.net","uang":1424},{"id":"6282112893263@s.whatsapp.net","uang":5096},{"id":"628983905059@s.whatsapp.net","uang":13617},{"id":"6285841413615@s.whatsapp.net","uang":1887},{"id":"6287814002338@s.whatsapp.net","uang":1427},{"id":"6283142138342@s.whatsapp.net","uang":5169},{"id":"5218995433021@s.whatsapp.net","uang":5544},{"id":"62895700957831@s.whatsapp.net","uang":844},{"id":"6283185753705@s.whatsapp.net","uang":7257},{"id":"6282271631201@s.whatsapp.net","uang":375},{"id":"6283898732422@s.whatsapp.net","uang":188},{"id":"6285806600622@s.whatsapp.net","uang":224},{"id":"557996096237@s.whatsapp.net","uang":190},{"id":"6282131798219@s.whatsapp.net","uang":6611},{"id":"6285787183781@s.whatsapp.net","uang":6127},{"id":"6282317675091@s.whatsapp.net","uang":376},{"id":"6285696479794@s.whatsapp.net","uang":94},{"id":"6281398106266@s.whatsapp.net","uang":183},{"id":"6289619598068@s.whatsapp.net","uang":376},{"id":"6287891922309@s.whatsapp.net","uang":293},{"id":"6283137411703@s.whatsapp.net","uang":0},{"id":"6285389515959@s.whatsapp.net","uang":474},{"id":"6281276458844@s.whatsapp.net","uang":185},{"id":"6288246210234@s.whatsapp.net","uang":1713},{"id":"62895700216435@s.whatsapp.net","uang":2082},{"id":"6283189324405@s.whatsapp.net","uang":762},{"id":"6281246778489@s.whatsapp.net","uang":3616},{"id":"6285823840101@s.whatsapp.net","uang":648},{"id":"6283194031413@s.whatsapp.net","uang":1421},{"id":"6282113401455@s.whatsapp.net","uang":5151},{"id":"6283130913481@s.whatsapp.net","uang":1416},{"id":"6285730019564@s.whatsapp.net","uang":91},{"id":"62895335136428@s.whatsapp.net","uang":1873},{"id":"6282170266680@s.whatsapp.net","uang":97},{"id":"6282157019639@s.whatsapp.net","uang":6530},{"id":"60197108073@s.whatsapp.net","uang":2471},{"id":"6281548270556@s.whatsapp.net","uang":0},{"id":"6285792640473@s.whatsapp.net","uang":10243},{"id":"6285706784652@s.whatsapp.net","uang":14559},{"id":"6283193619973@s.whatsapp.net","uang":1033},{"id":"6288274127410@s.whatsapp.net","uang":758},{"id":"6288801847397@s.whatsapp.net","uang":1894},{"id":"6282146725246@s.whatsapp.net","uang":4117},{"id":"6289525886118@s.whatsapp.net","uang":6630},{"id":"6285229156496@s.whatsapp.net","uang":3575},{"id":"6285892735247@s.whatsapp.net","uang":12961},{"id":"6283815416862@s.whatsapp.net","uang":3143},{"id":"6288292024190@s.whatsapp.net","uang":1399},{"id":"6283195638449@s.whatsapp.net","uang":2452},{"id":"6288809633558@s.whatsapp.net","uang":650},{"id":"6281554828172@s.whatsapp.net","uang":22967},{"id":"6281219983378@s.whatsapp.net","uang":5379},{"id":"6285641448930@s.whatsapp.net","uang":2471},{"id":"6285786654432@s.whatsapp.net","uang":4827},{"id":"6281218788968@s.whatsapp.net","uang":184},{"id":"6283131862366@s.whatsapp.net","uang":1417},{"id":"6282219614739@s.whatsapp.net","uang":8017},{"id":"628814601743@s.whatsapp.net","uang":848},{"id":"6285836374470@s.whatsapp.net","uang":22998},{"id":"6285770124268@s.whatsapp.net","uang":576},{"id":"6285220051186@s.whatsapp.net","uang":0},{"id":"6285267267012@s.whatsapp.net","uang":2633},{"id":"6287716854728@s.whatsapp.net","uang":679},{"id":"6285852721161@s.whatsapp.net","uang":5002},{"id":"62895397195919@s.whatsapp.net","uang":1225},{"id":"6287716855236@s.whatsapp.net","uang":388},{"id":"6285337421475@s.whatsapp.net","uang":3384},{"id":"6287756567369@s.whatsapp.net","uang":106277},{"id":"6282291349883@s.whatsapp.net","uang":188},{"id":"6282291349883@s.whatsapp.net","uang":73212},{"id":"6282237875508@s.whatsapp.net","uang":0},{"id":"6289505061104@s.whatsapp.net","uang":4184},{"id":"6282324011249@s.whatsapp.net","uang":96},{"id":"6282324011249@s.whatsapp.net","uang":16040},{"id":"6282134847118@s.whatsapp.net","uang":96},{"id":"6282134847118@s.whatsapp.net","uang":69783},{"id":"6288226635024@s.whatsapp.net","uang":377},{"id":"6282273268631@s.whatsapp.net","uang":3563},{"id":"6283122741072@s.whatsapp.net","uang":288},{"id":"6281382972829@s.whatsapp.net","uang":2365},{"id":"6285717644349@s.whatsapp.net","uang":12256},{"id":"6282276744391@s.whatsapp.net","uang":3478},{"id":"6281553261492@s.whatsapp.net","uang":0},{"id":"6285708737382@s.whatsapp.net","uang":6852},{"id":"6289508677184@s.whatsapp.net","uang":0},{"id":"6287889492501@s.whatsapp.net","uang":5856},{"id":"6285156429220@s.whatsapp.net","uang":377},{"id":"6282369386980@s.whatsapp.net","uang":1420},{"id":"6288233554767@s.whatsapp.net","uang":3048},{"id":"6285230676437@s.whatsapp.net","uang":1423},{"id":"6281585948588@s.whatsapp.net","uang":6277},{"id":"62859148563813@s.whatsapp.net","uang":37219},{"id":"6282211298285@s.whatsapp.net","uang":1242},{"id":"6285892483107@s.whatsapp.net","uang":0},{"id":"6289614008372@s.whatsapp.net","uang":1953},{"id":"6287747753734@s.whatsapp.net","uang":850},{"id":"6283839317855@s.whatsapp.net","uang":6423},{"id":"6285848116726@s.whatsapp.net","uang":480},{"id":"6281285048196@s.whatsapp.net","uang":5393},{"id":"62895413167966@s.whatsapp.net","uang":1218},{"id":"6281617496925@s.whatsapp.net","uang":3201},{"id":"6285936662089@s.whatsapp.net","uang":1114},{"id":"6282166527161@s.whatsapp.net","uang":2167},{"id":"6282150328993@s.whatsapp.net","uang":7984},{"id":"6287840867473@s.whatsapp.net","uang":952},{"id":"62858777455475@s.whatsapp.net","uang":185},{"id":"62858777455475@s.whatsapp.net","uang":4492},{"id":"6288232125345@s.whatsapp.net","uang":3008},{"id":"628884899925@s.whatsapp.net","uang":2853},{"id":"6281217554001@s.whatsapp.net","uang":944},{"id":"6288215127948@s.whatsapp.net","uang":5173},{"id":"6285256121052@s.whatsapp.net","uang":2079},{"id":"6289627467013@s.whatsapp.net","uang":194},{"id":"6282232081571@s.whatsapp.net","uang":12000},{"id":"6283149571348@s.whatsapp.net","uang":5168},{"id":"6283195515392@s.whatsapp.net","uang":570},{"id":"6281525916721@s.whatsapp.net","uang":650},{"id":"6282269201198@s.whatsapp.net","uang":0},{"id":"6281370575497@s.whatsapp.net","uang":3215},{"id":"6289530911981@s.whatsapp.net","uang":1042},{"id":"6285693995525@s.whatsapp.net","uang":4923},{"id":"6282335247641@s.whatsapp.net","uang":0},{"id":"6285265324790@s.whatsapp.net","uang":289},{"id":"6282256182259@s.whatsapp.net","uang":96},{"id":"6282139560265@s.whatsapp.net","uang":197},{"id":"628817891470@s.whatsapp.net","uang":0},{"id":"6282393574112@s.whatsapp.net","uang":21972},{"id":"6285783319993@s.whatsapp.net","uang":7339},{"id":"6285386527283@s.whatsapp.net","uang":187},{"id":"6282258857085@s.whatsapp.net","uang":749},{"id":"6282371303935@s.whatsapp.net","uang":1984},{"id":"6287851866578@s.whatsapp.net","uang":1705},{"id":"6281270011784@s.whatsapp.net","uang":837},{"id":"6281221764955@s.whatsapp.net","uang":3114},{"id":"6287787112722@s.whatsapp.net","uang":2637},{"id":"628816563748@s.whatsapp.net","uang":8108},{"id":"6283824312348@s.whatsapp.net","uang":7305},{"id":"6287829055500@s.whatsapp.net","uang":1417},{"id":"6285892909562@s.whatsapp.net","uang":4058},{"id":"6282267661780@s.whatsapp.net","uang":2443},{"id":"6282289026162@s.whatsapp.net","uang":0},{"id":"6282257228922@s.whatsapp.net","uang":0},{"id":"6282257228922@s.whatsapp.net","uang":0},{"id":"6285313537349@s.whatsapp.net","uang":4233},{"id":"6289637573525@s.whatsapp.net","uang":96},{"id":"62881036773599@s.whatsapp.net","uang":289},{"id":"6288224746605@s.whatsapp.net","uang":1030},{"id":"6287701511883@s.whatsapp.net","uang":93},{"id":"6287701511883@s.whatsapp.net","uang":4630},{"id":"6285786108649@s.whatsapp.net","uang":187},{"id":"6285868540160@s.whatsapp.net","uang":2473},{"id":"13374045179@s.whatsapp.net","uang":2442},{"id":"6288214722859@s.whatsapp.net","uang":290},{"id":"6289646522580@s.whatsapp.net","uang":2558},{"id":"6285349478928@s.whatsapp.net","uang":760},{"id":"6281325698074@s.whatsapp.net","uang":1792},{"id":"6285896132544@s.whatsapp.net","uang":752},{"id":"6283137997316@s.whatsapp.net","uang":379},{"id":"6282375306001@s.whatsapp.net","uang":946},{"id":"6283123564477@s.whatsapp.net","uang":1229},{"id":"6282120051268@s.whatsapp.net","uang":0},{"id":"6285824668593@s.whatsapp.net","uang":771},{"id":"628980788642@s.whatsapp.net","uang":568},{"id":"","uang":10059},{"id":"6289639105806@s.whatsapp.net","uang":94},{"id":"6289639105806@s.whatsapp.net","uang":470},{"id":"6281937381275@s.whatsapp.net","uang":94},{"id":"6281937381275@s.whatsapp.net","uang":20030},{"id":"628561778299@s.whatsapp.net","uang":99},{"id":"628561778299@s.whatsapp.net","uang":187},{"id":"6281905687439@s.whatsapp.net","uang":187},{"id":"6281905687439@s.whatsapp.net","uang":375},{"id":"6283137593794@s.whatsapp.net","uang":3112},{"id":"6289649215010@s.whatsapp.net","uang":2718},{"id":"6281280840124@s.whatsapp.net","uang":26555},{"id":"6282347144325@s.whatsapp.net","uang":5189},{"id":"628999507474@s.whatsapp.net","uang":1023},{"id":"6283165223973@s.whatsapp.net","uang":273},{"id":"6288286897681@s.whatsapp.net","uang":94},{"id":"6288286897681@s.whatsapp.net","uang":1421},{"id":"6281287826673@s.whatsapp.net","uang":375},{"id":"6285883444032@s.whatsapp.net","uang":10757},{"id":"6285784320969@s.whatsapp.net","uang":3017},{"id":"6285892179361@s.whatsapp.net","uang":12237},{"id":"6289521980483@s.whatsapp.net","uang":2154},{"id":"628886043581@s.whatsapp.net","uang":1224},{"id":"6288264201573@s.whatsapp.net","uang":10751},{"id":"6283117484417@s.whatsapp.net","uang":280},{"id":"6281282278498@s.whatsapp.net","uang":733},{"id":"6281312012942@s.whatsapp.net","uang":1224},{"id":"6285714807646@s.whatsapp.net","uang":0},{"id":"6289624666868@s.whatsapp.net","uang":185},{"id":"62895395242292@s.whatsapp.net","uang":7146},{"id":"6288213987961@s.whatsapp.net","uang":658},{"id":"6289678561593@s.whatsapp.net","uang":2079},{"id":"6282132963592@s.whatsapp.net","uang":12321},{"id":"6289654185098@s.whatsapp.net","uang":95},{"id":"6289654185098@s.whatsapp.net","uang":2077},{"id":"62895366227647@s.whatsapp.net","uang":3400},{"id":"6282122613368@s.whatsapp.net","uang":9653},{"id":"62887435622504@s.whatsapp.net","uang":283},{"id":"628981867482@s.whatsapp.net","uang":464},{"id":"6285643051629@s.whatsapp.net","uang":276},{"id":"628816636074@s.whatsapp.net","uang":97},{"id":"628816636074@s.whatsapp.net","uang":475},{"id":"6283130540801@s.whatsapp.net","uang":3864},{"id":"6282182593339@s.whatsapp.net","uang":1609},{"id":"6281233400208@s.whatsapp.net","uang":1147},{"id":"6285232247413@s.whatsapp.net","uang":284},{"id":"6285723159653@s.whatsapp.net","uang":92},{"id":"6285723159653@s.whatsapp.net","uang":567},{"id":"6285277857310@s.whatsapp.net","uang":0},{"id":"6283117003908@s.whatsapp.net","uang":5586},{"id":"62882009053677@s.whatsapp.net","uang":285},{"id":"6285520978904@s.whatsapp.net","uang":292},{"id":"6285651037954@s.whatsapp.net","uang":3585},{"id":"6282179305820@s.whatsapp.net","uang":0},{"id":"6285954621348@s.whatsapp.net","uang":96},{"id":"628988795033@s.whatsapp.net","uang":0},{"id":"628979262227@s.whatsapp.net","uang":90},{"id":"628979262227@s.whatsapp.net","uang":193},{"id":"6287877149146@s.whatsapp.net","uang":95},{"id":"6287877149146@s.whatsapp.net","uang":40542},{"id":"6282296272080@s.whatsapp.net","uang":2668},{"id":"6285737039069@s.whatsapp.net","uang":2065},{"id":"6285377016879@s.whatsapp.net","uang":7167},{"id":"6285893059341@s.whatsapp.net","uang":9049},{"id":"6285784464200@s.whatsapp.net","uang":375},{"id":"6282122478926@s.whatsapp.net","uang":583},{"id":"6283181100954@s.whatsapp.net","uang":2273},{"id":"6285789288635@s.whatsapp.net","uang":2372},{"id":"6287736453326@s.whatsapp.net","uang":96},{"id":"6287736453326@s.whatsapp.net","uang":936},{"id":"6283863363326@s.whatsapp.net","uang":196},{"id":"6285747975719@s.whatsapp.net","uang":1328},{"id":"6287794870505@s.whatsapp.net","uang":2912},{"id":"6283835362184@s.whatsapp.net","uang":281},{"id":"6282132448392@s.whatsapp.net","uang":566},{"id":"6281347323338@s.whatsapp.net","uang":15028},{"id":"62895702530505@s.whatsapp.net","uang":1693},{"id":"6281549244875@s.whatsapp.net","uang":379},{"id":"6287819938725@s.whatsapp.net","uang":5456},{"id":"6285702063936@s.whatsapp.net","uang":7200},{"id":"6285865909543@s.whatsapp.net","uang":4799},{"id":"628566356722@s.whatsapp.net","uang":9448},{"id":"6288803614897@s.whatsapp.net","uang":6433},{"id":"6285216084579@s.whatsapp.net","uang":1987},{"id":"6285706075448@s.whatsapp.net","uang":3108},{"id":"6281213915303@s.whatsapp.net","uang":4074},{"id":"62818112008@s.whatsapp.net","uang":1691},{"id":"6285813524562@s.whatsapp.net","uang":32800},{"id":"6282313127981@s.whatsapp.net","uang":1222},{"id":"6282285132456@s.whatsapp.net","uang":5244},{"id":"6281380302051@s.whatsapp.net","uang":377},{"id":"6288214225045@s.whatsapp.net","uang":288},{"id":"6285821699504@s.whatsapp.net","uang":1118},{"id":"6285264891040@s.whatsapp.net","uang":1433},{"id":"62895413944123@s.whatsapp.net","uang":2643},{"id":"6285730129138@s.whatsapp.net","uang":5097},{"id":"6282372328226@s.whatsapp.net","uang":384},{"id":"6283800625818@s.whatsapp.net","uang":98},{"id":"6283800625818@s.whatsapp.net","uang":1987},{"id":"6288232911585@s.whatsapp.net","uang":1995},{"id":"6285607534077@s.whatsapp.net","uang":189},{"id":"6285601761062@s.whatsapp.net","uang":760},{"id":"6285718673400@s.whatsapp.net","uang":276},{"id":"628974149670@s.whatsapp.net","uang":291},{"id":"6289652225869@s.whatsapp.net","uang":6347},{"id":"6281524923478@s.whatsapp.net","uang":860},{"id":"6285266171185@s.whatsapp.net","uang":1898},{"id":"6285386791019@s.whatsapp.net","uang":1423},{"id":"6285264883278@s.whatsapp.net","uang":0},{"id":"6285356031860@s.whatsapp.net","uang":469},{"id":"6281279500795@s.whatsapp.net","uang":383},{"id":"6285295329117@s.whatsapp.net","uang":192},{"id":"6288231632865@s.whatsapp.net","uang":277},{"id":"6285648908613@s.whatsapp.net","uang":1515},{"id":"601159439380@s.whatsapp.net","uang":1989},{"id":"6288271429398@s.whatsapp.net","uang":562},{"id":"6283890426222@s.whatsapp.net","uang":2290},{"id":"6281381710240@s.whatsapp.net","uang":91},{"id":"6288290253011@s.whatsapp.net","uang":568},{"id":"19203725567@s.whatsapp.net","uang":94},{"id":"19203725567@s.whatsapp.net","uang":3125},{"id":"6285733200651@s.whatsapp.net","uang":380},{"id":"6285733200651@s.whatsapp.net","uang":460},{"id":"6281382829867@s.whatsapp.net","uang":94},{"id":"6285269945084@s.whatsapp.net","uang":662},{"id":"62895335973261@s.whatsapp.net","uang":189},{"id":"6282180248992@s.whatsapp.net","uang":557},{"id":"62815749185062@s.whatsapp.net","uang":3388},{"id":"62881026155516@s.whatsapp.net","uang":1033},{"id":"6283183707705@s.whatsapp.net","uang":574},{"id":"6283133734577@s.whatsapp.net","uang":3518},{"id":"6285716683364@s.whatsapp.net","uang":286},{"id":"6285591248985@s.whatsapp.net","uang":186},{"id":"6281243351924@s.whatsapp.net","uang":0},{"id":"6285855313851@s.whatsapp.net","uang":373},{"id":"19152770701@s.whatsapp.net","uang":4660},{"id":"6282126314706@s.whatsapp.net","uang":95},{"id":"6282126314706@s.whatsapp.net","uang":0},{"id":"6287886676846@s.whatsapp.net","uang":378},{"id":"6285893538099@s.whatsapp.net","uang":851}]